{
"title" : "propanoyl",
"structure": [
    "C",   0.981552,   0.023665,   -0.021055,
    "C",   0.435803,   0.371426,   1.328670,
    "C",   0.909904,   1.758213,   1.754451,
    "O",   0.421633,   2.757476,   0.865314,
    "H",   0.461201,   0.377700,  -0.904954,
    "H",   2.020561,  -0.271259,  -0.115107,
    "H",  -0.659030,   0.338770,   1.287020,
    "H",   0.764508,  -0.378349,   2.056740,
    "H",   0.538594,   1.996150,   2.755813,
    "H",   2.003761,   1.812523,   1.773546,
    "H",   0.771216,   2.543594,  -0.021459
],
"charge" : 0,
"mult" : 2,

"conformer_search" : 1,
"reaction_search" : 1,
"rotor_scan" : 1,
"high_level" : 1,
"me" : 1,
"barrier_threshold" : 85.0,
"rotation_restart": 0,

"queuing": "<slurm or pbs>",
"queue_name":"<name of your queue>",
"queue_job_limit": 100,
"ppn": <num_processors_per_job>,

"qc" : "gauss",
"method" : "b3lyp",
"basis" : "6-31+g*",
"high_level_method" : "M062X",
"high_level_basis" : "6-311++G(d,p)",
"skip_families": ["hom_sci"],

"run_me": 1,
"me_code" : "mess",
"TemperatureList" : [500, 800, 1000, 1500, 2000],
"PressureList" : [760],
"EnergyStepOverTemperature" : 0.2,
"ExcessEnergyOverTemperature" : 30,
"ModelEnergyLimit" : 400,
"CalculationMethod" : "direct",
"ChemicalEigenvalueMax" : 0.2,
"EnergyRelaxationFactor" : 200,
"EnergyRelaxationPower" : 0.85,
"EnergyRelaxationExponentCutoff" : 15,
"sigma" : 4.459,
"epsilon" : 576.7,
"epsilon_unit": "K"
}
